learning_rate,sigma,lengthscale,mean_cv_loss
0.01,1.0,1.0,2.6441044991114117e+18
0.01,1.0,2.0,433773781020063.56
0.001,1.0,1.0,5.252104053847734e+21
0.001,1.0,2.0,1.7216623366254387e+18
0.0001,1.0,1.0,8.607765133908779e+24
0.0001,1.0,2.0,1.0185405540911653e+22
