learning_rate,sigma,lengthscale,mean_cv_loss
1e-05,1.0,0.1,1.173355461888268e+53
1e-05,1.0,0.08,2.3519296569145482e+47
1e-05,1.0,0.06,1.0695253540653534e+44
1e-05,1.0,0.12,4.7169827055056303e+55
1e-05,1.0,0.14,6.765287939280196e+54
1e-05,1.0,0.16,6.862945622868517e+51
1e-05,1.0,0.18,2.893042537861762e+47
0.0001,1.0,0.1,1.1733567031612725e+53
0.0001,1.0,0.08,2.3472463237297127e+47
